<?xml version="1.0" encoding="utf-8"?>
<grammar>

  <action name="top">
    <one-of>
      <item>main menu</item>
      <item>top</item>
      <item>beginning</item>
      <item>cancel</item>
      <item>forget it</item>
      <item>never mind</item>
      <item>abort</item>
    </one-of>
  </action>

  <action name="up">
    <one-of>
      <item>up</item>
      <item>back</item>
      <item>go back</item>
    </one-of>
  </action>


  <!-- QUESTIONS -->


  <question speaker="user" predicate="temperature" type="wh_question">
    <one-of>
      <item>what is the temperature today in <slot predicate="city_to_search"/></item>
      <item>what is the temperature today in <slot predicate="country_to_search"/></item>
      <item>I'd like to know the temperature in <slot predicate="city_to_search"/> in <slot predicate="country_to_search"/></item>
      <item>what is the temperature</item>
      <item>what is the temperature in <slot predicate="which_unit"/></item>
      <item>what is the temperature in <slot predicate="which_unit"/> in <slot predicate="city_to_search"/></item>
      <item>what is the temperature in <slot predicate="which_unit"/> in <slot predicate="country_to_search"/></item>
      <item>what is the temperature in <slot predicate="which_unit"/> in <slot predicate="city_to_search"/> in <slot predicate="country_to_search"/></item>
      <item>what is the temperature in <slot predicate="which_unit"/> in <slot predicate="country_to_search"/> in <slot predicate="city_to_search"/></item>
    </one-of>
  </question>


  <question speaker="system" predicate="country_to_search" type="wh_question">Which country</question>

  <question speaker="system" predicate="city_to_search" type="wh_question">Which city</question>

  <question speaker="system" predicate="which_unit" type="wh_question">which unit</question>

  <question type="wh_question" speaker="all" predicate="temperature">the temperature</question>

  <question type="wh_question" speaker="all" predicate="weather">the current weather</question>


  <question speaker="user" predicate="weather" type="wh_question">
    <one-of>
      <item>what is the weather like</item>
      <item>What is the weather like today in <slot predicate="city_to_search"/></item>
      <item>What is the weather like today in <slot predicate="country_to_search"/></item>
      <item>I'd like to know the weather in <slot predicate="city_to_search"/> in <slot predicate="country_to_search"/></item>
    </one-of>
  </question>
  

  <!-- ANSWERS -->
  <answer speaker="system" predicate="temperature"> The temperature is <slot predicate="temperature"/></answer>

  
  <answer speaker="system" predicate="weather"> It's <slot predicate="weather"/></answer>
  


 <!-- INDIVIDUALS -->
 <!-- countries -->
   <individual name="country_uk">
    <one-of>
      <item>UK</item>
      <item>the UK</item>
    </one-of>
  </individual>

  <individual name="country_sweden">Sweden</individual>
  <individual name="country_spain">Spain</individual>
  <individual name="country_italy">Italy</individual>
  <individual name="country_france">France</individual>
  <individual name="country_russia">Russia</individual>
  <individual name="country_scotland">Scotland</individual>
  <individual name="country_ireland">Ireland</individual>

  <individual name="country_usa">
    <one-of>
      <item>USA</item>
      <item>the US</item>
      <item>US</item>
      <item>United States</item>
      <item>the united states</item>
      <item>the states</item>
      <item>United States of America</item>
    </one-of>
  </individual>


  <!-- cities -->
  <individual name="city_london">London</individual>
  <individual name="city_gothenburg">Gothenburg</individual>
  <individual name="city_lund">Lund</individual>
  <individual name="city_malaga">Malaga</individual>
  <individual name="city_venice">Venice</individual>
  <individual name="city_toulouse">Toulouse</individual>
  <individual name="city_moscow">Moscow</individual>
  <individual name="city_edinburgh">Edinburgh</individual>
  <individual name="city_cork">Cork</individual>
  <individual name="city_honolulu">Honolulu</individual>
 

  

  <!-- units -->
  <individual name="standard">
    <one-of>
      <item>Kelvin</item>
      <item>kelvin</item>
      <item>standard</item>
    </one-of>
  </individual>


  <individual name="metric">
    <one-of>
      <item>Celsius</item>
      <item>celsius</item>
      <item>metric</item>
    </one-of>
  </individual>


  <individual name="imperial">
    <one-of>
      <item>Fahrenheit</item>
      <item>fahrenheit</item>
      <item>imperial</item>
    </one-of>
  </individual>

</grammar>
