<?xml version="1.0" encoding="utf-8"?>
<domain name="WeatherDomain" is_super_domain="true">

  <goal type="perform" action="top">
    <plan>
      <forget_all/>
      <findout type="alt_question">
        <alt>
          <resolve type="wh_question" predicate="temperature"/>
        </alt>
        <alt>
          <resolve type="wh_question" predicate="weather"/>
        </alt>
      </findout>
    </plan>
  </goal>

  <goal type="resolve" question_type="wh_question" predicate="temperature">
    <plan>
      <findout type="wh_question" predicate="city_to_search"/>
      <findout type="wh_question" predicate="country_to_search"/>
      <bind type="wh_question" predicate="which_unit"/>
      <invoke_service_query type="wh_question" predicate="temperature"/>
    </plan>
  </goal>

 <goal type="resolve" question_type="wh_question" predicate="weather">
    <plan>
      <findout type="wh_question" predicate="city_to_search"/>
      <findout type="wh_question" predicate="country_to_search"/>
      <invoke_service_query type="wh_question" predicate="weather"/>
    </plan>
  </goal>

</domain>
